{"schemaVersion":"1.0","appDefinitionTemplate":{"id":"/providers/Microsoft.PowerApps/apps/","type":"Microsoft.PowerApps/apps","tags":{"primaryDeviceWidth":"1366","primaryDeviceHeight":"768","supportsPortrait":"true","supportsLandscape":"true","primaryFormFactor":"Tablet","showStatusBar":"false","publisherVersion":"3.25033.14","minimumRequiredApiVersion":"2.2.0","hasComponent":"false","hasUnlockedComponent":"false","isUnifiedRootApp":"false","sienaVersion":"20250330T144915Z-3.25033.14.0"},"properties":{"appVersion":"2025-03-30T14:49:15Z","lifeCycleId":"Published","createdByClientVersion":{"major":3,"minor":25033,"build":14,"revision":0,"majorRevision":0,"minorRevision":0},"minClientVersion":{"major":3,"minor":25033,"build":14,"revision":0,"majorRevision":0,"minorRevision":0},"backgroundColor":"RGBA(0,176,240,1)","backgroundImageUri":"/5091744446292597304/Nbfafa581-9af2-481d-aee5-904e694eb5a7-logoSmallFile","displayName":"Animated Charts","description":"","aiGeneratedDescription":"Explore the potential of our Animated Charts app. This app is designed to create dynamic and visually engaging charts, enhancing data visualization and analysis for business users.","commitMessage":"","appUris":{"documentUri":{"value":"/5091744446292597304/N6bfb80e4-2c06-427d-a7ae-7df1896f81fd-document.msapp"},"imageUris":[],"additionalUris":[{"isSolutionAware":false,"value":"/5091744446292597304/N427d9635-7694-4af7-9d3b-fb534015e1e0-identity.json"}]},"createdTime":"0001-01-01T00:00:00Z","lastModifiedTime":"0001-01-01T00:00:00Z","sharedGroupsCount":0,"sharedUsersCount":0,"connectionReferences":{},"databaseReferences":{},"almMode":"Solution","performanceOptimizationEnabled":true,"canConsumeAppPass":false,"enableModernRuntimeMode":false,"executionRestrictions":{"isTeamsOnly":false,"dataLossPreventionEvaluationResult":{"status":"Compliant","lastEvaluationDate":"2025-03-30T14:49:33.0964505Z","violations":[],"violationsByPolicy":[],"violationErrorMessage":"The app uses the following connectors: ."}}},"isAppComponentLibrary":false,"appType":"ClassicCanvasApp","appComponents":[]}}